,Agricultural Land( %),Co2-Emissions per ton,CPI,GDP,Population,Infant mortality,Minimum wage,Unemployment rate,Population: Labor force participation (%),temperature,ideal temperature?,Precipitation Depth (mm/year),Gini's index,GDP per capita,Human Development Index (2021),Prevalence of moderate or severe food insecurity in the total population (percent) (2022)
0,0.886377190795355,-0.19744938296181075,-0.1059366714312922,-0.21115705556936454,-0.012018674889982265,1.3717348692106572,-0.6309176431108018,0.8718528145661584,-1.3871900166693907,0.686051061658409,-0.8144003089684233,-1.0961952219528273,0.6669100797978212,-0.6003209820528911,-1.5717512745180007,1.6575943858441828
1,0.18954944615609168,-0.20246702004451997,-0.1870856736489309,-0.21292618794932805,-0.24834812257300828,-0.6889381123993096,-0.4155082087878282,1.1146469142675783,-0.7126374014118679,-0.49230697225687,-0.8144003089684233,0.4096717229735852,-1.0596647870431064,-0.40755015129043115,0.498802505916159,-0.05603249285476735
2,-1.0043487563258466,-0.025988377292655164,-0.1020962324284477,-0.14133765390775177,0.02163860797368034,-0.05686136242917003,-0.4685800984036333,0.9882334573982441,-2.151021654534526,0.6923447538732309,1.2216004634526347,-1.4056911916354577,-1.3149214225154817,-0.46336622237960345,0.1667325599974728,-0.41952910348787803
3,0.04553837893064401,-0.20740094896506603,-0.020696594783601592,-0.21853629646267939,-0.2669995550793941,-0.9510187160454651,1.3046453899362072,-0.17816583284264545,0.066317133326328,-0.5928559317082444,-0.8144003089684233,-0.0051833097951399015,-0.5586145098384113,1.004569670405212,0.9024953813467179,-0.765912636036605
4,0.39395225125027555,-0.16588170053212575,0.18822517356055643,-0.17620542208841813,-0.05377014037266364,1.5618717777382605,-0.543505119037711,0.02307674701491439,1.4498989239725415,0.7370702304647837,1.2216004634526347,-0.20801981315771528,2.0459576112041287,-0.5021033431600099,-0.868544330219607,1.5641238288242405
5,-0.8603376891003988,-0.2072941907292637,-0.20086916705640012,-0.21919628308369515,-0.2668653907143622,-0.8328255026364145,0.18389195628479388,0.062098074311641153,-0.07135417905790904,-0.1580670421675998,-0.8144003089684233,-0.18201174847850263,0.05266207495664045,0.0867202039411782,0.44671310263479647,0.061671171540716066
6,0.709847495486742,0.03629777432737813,0.1119950897917665,-0.011924443636185403,0.03430321090907201,-0.6375497587432006,0.28067010793714436,0.6049799611753418,-0.15712348296449724,-0.4028560190737646,-0.8144003089684233,-0.7528887681872203,0.7271316612635224,-0.22262609342233305,0.7983165747839929,0.20014607082952013
7,0.9235413371761159,-0.20171485974682177,-0.16043934001960575,-0.2136689918185237,-0.24765271917115575,-0.5244953806997611,-0.5591144983364772,2.0497051825391615,-0.7225572928127139,-1.4567717367054809,-0.8144003089684233,-0.7906004619720787,-1.2723786499367529,-0.43656562900144147,0.25788901573985723,-0.9145768684453527
8,0.42647087933344124,0.24806729298253397,-0.18511284539404502,0.42443484431519135,-0.09446198542549304,-0.9304633745830214,3.477470988324462,-0.3019864277919452,0.2595119558710316,0.4687173709154675,1.2216004634526347,-0.8270117525229763,-0.3647995015905289,1.5276910508647807,1.508034694492557,-0.7449451168165677
9,-0.3075210116865829,-0.13342355736290776,-0.1896898069453802,-0.01347398024830541,-0.20789681429276868,-0.9407410453142433,1.2373535078360254,-0.42238019623893014,-0.21664283136957277,-1.2870442870759988,-0.8144003089684233,-0.07797948976165202,-1.0029410902714673,1.3777679407391819,1.2801435551365965,-1.0184330429119557
10,0.8677951176049747,-0.162330776029928,-0.08904926156946923,-0.20185363461230874,-0.20019827416550506,-0.10311088071966816,-0.6184301396717888,-0.2538289204131511,0.35871086987949086,-0.9235064388831216,-0.8144003089684233,-0.9401468338775514,-0.7131689138188827,-0.46482725339932973,0.1667325599974728,-0.7864875866032089
11,-1.7476316839410608,-0.2058032149133426,-0.19452981226403354,-0.21406036712956322,-0.2649017928760464,-0.6632439355712552,0.87382652129026,0.7193540411999775,1.1622220733480095,-0.39404090723436686,-0.8144003089684233,0.15869389881918308,-0.39599511834782997,0.6885173724001984,0.6029813124788841,-0.4714571907211796
12,-1.2970164090743372,-0.16951997268179814,-0.19092611265177536,-0.2021465086684147,-0.25743226438869365,-0.7762983136146948,0.42035921686613315,-1.2169790679890309,1.0431833765378586,0.9916614049090066,1.2216004634526347,-1.4134936110392216,-0.20690733443047812,0.40058008613701984,1.0131853633196133,-0.3451959281600917
13,1.4670669779947414,-0.1057658953194829,-0.0276022375239574,-0.07998794072362973,0.8561884022585743,0.2000804058513745,-0.6059426362327759,-0.5186952109965182,-0.3852809851839535,0.8918891878970812,1.2216004634526347,1.9454479422810922,-0.7193226064132722,-0.5484070989008283,-0.3802061744568332,-0.04218500292588699
14,-0.7302631767677361,-0.2064219274162879,-0.1475238910442863,-0.21758541975717674,-0.2655899225490579,-0.5090788746029284,0.211988839022573,0.7133343527776284,0.22975228166849382,-0.03771479476095675,-0.8144003089684233,0.32774631923406533,0.026444660480059615,0.1009447387319871,0.4597354534551371,0.030514319200735197
15,0.13844874488254563,-0.1372668538517914,0.014233880025724847,-0.19080674666151526,-0.20393562753426756,-0.9561575514110758,-0.29999880197695833,-0.4384326986985281,0.12063347625918865,-1.4946163707444868,-0.8144003089684233,-0.7177778808702832,-1.768710996688594,-0.355472715903809,0.5769366108382028,-0.8365381747294558
16,0.2592322206200181,-0.09042789105529216,-0.1921887227349023,0.02506744543361943,-0.19038755870276727,-0.9407410453142433,2.4534957063253993,-0.23777641795355317,-0.9209551208296323,-0.9785531793034942,-0.8144003089684233,-0.4199855402932984,-1.5418162096020378,1.2124246435064445,1.416878238750173,-0.9422718483031135
17,-1.487482659275736,-0.2072808459497884,-0.2222546253393629,-0.2191260160131049,-0.2648959429980957,-0.5142177099685394,-0.25004878822090654,-0.07323826774267357,0.2198323902676479,0.6246831354398563,1.2216004634526347,0.6957604344449243,0.6460782147343573,-0.4289183590658511,-0.23696031543308618,0.5082527217471091
18,-0.2657113470082271,-0.20011348620978692,-0.20902352384326173,-0.21333679705156994,-0.1882578538822744,2.0192281252776296,-0.6434051465498147,-0.9119815212566691,0.7951860915167104,1.0834059722762943,1.2216004634526347,-0.17030811937285692,0.14571376935422234,-0.5718144500988822,-1.2657260302399957,1.411801439606556
19,-1.18087845163446,-0.2064401248428451,-0.06048270843872184,-0.21886362193210387,-0.2626339543703507,0.18466389975454178,-0.6652582775680875,-0.8899093303747218,0.3785506526811827,-0.2824412744041996,-0.8144003089684233,1.3394600352554373,-1.187293104779294,-0.48655779319247733,-0.3476502974059816,0.10079812020254124
20,-0.1960285725443009,-0.18175834862241003,-0.11009276295491847,-0.2010724024054922,-0.19019248441450373,0.030498838786215066,-0.34058318815375044,-0.6571480447105508,0.8844651141243237,0.5558747099143905,1.2216004634526347,-0.031164973339069254,0.5711414951415149,-0.4791143633879441,-0.17835973674155403,0.33340426850333577
21,0.18954944615609168,-0.18146476347395366,-0.2243063667244442,-0.2107190871677103,-0.24534722921219768,-0.8328255026364145,-0.44048321566585413,2.336643664004476,-1.6351873016905383,-0.7446045325169109,-0.8144003089684233,-0.1846125549464239,-0.3485662218481169,-0.378920797121428,0.39462369935343394,-0.6583983047610652
22,0.305687403595969,-0.20027847621057232,-0.1063312370822694,-0.2115091180229552,-0.2517600722830905,0.45188333876630804,-0.6746239051473472,2.2904927194331317,0.7852662001158645,0.6648213836630444,1.2216004634526347,-0.9804593341303309,2.3295760950623237,-0.3096166568862294,-0.1718485613313837,0.87521120486244
23,-0.23783823722265648,0.35287355149615435,-0.059904012150621994,0.6313095548605777,1.1600904281963118,-0.4319963441187651,-0.2875112985379454,1.0644828440813345,0.10079369345749681,0.8276679907399801,1.2216004634526347,0.7685830155467197,2.272852398290685,-0.27631088384560876,0.22533313868900565,0.08244240643403672
24,-1.6872399460723246,-0.19867225002645553,-0.23974703586601762,-0.2137631008291942,-0.26460759976023274,-0.5861614050870918,0.433876907739347,0.4705402530762086,0.1801528246642642,0.716427702807144,1.2216004634526347,2.0182705233828875,0.20057591670727046,0.6151272326138691,0.7136712944517788,-0.2067240188369618
25,0.3382060316791347,-0.15737137071220184,-0.1992646000757596,-0.18020126028782468,-0.22066651354293906,-0.7865759843459166,-0.2750237950989324,-0.4885967688847718,-0.7423970756144057,-0.8581384346339294,-0.8144003089684233,-0.7307819132098895,0.5144177983698761,-0.13033855415948464,0.49229133050598867,-0.5441565128478018
26,0.24065014742963772,-0.20382333490391769,-0.2198872314334999,-0.2127097554613574,-0.13103364255954067,1.4282620582323773,-0.659014525848581,-0.10333670985441984,0.34879097847864493,1.2290504729718632,-0.8144003089684233,-0.5487254604554009,0.8689409031926199,-0.58948279027375,-1.7605753614129394,0.8682874598979997
27,1.8665815515879194,-0.2073694067590335,-0.021210273978127175,-0.21860187553903457,-0.190075083878823,1.017155228983506,-0.5394693652832093,-1.072506545852649,1.6185370777869221,0.5581683240985726,1.2216004634526347,0.1352866406078917,0.244980238704591,-0.6098931934714154,-1.9103323958468568,0.8798338312664619
28,1.1976269167342264,-0.19623379486778883,-0.20665612993739868,-0.19279103542476828,-0.09479820900768485,1.9627009362559098,-0.6527707741290745,-0.6932661752446463,-0.583678813200872,0.9595508063304558,1.2216004634526347,0.2315164799209785,0.04644730000385469,-0.5294220796631525,-1.1029466449857377,1.3844876723157518
29,-0.9021473537787544,-0.20731117499405044,-0.20957591575462975,-0.21907871046345162,-0.2642694821877056,-0.23158176485994042,-0.5528707466169708,1.0985944118079802,-0.23648261417126462,-0.11246768343027173,-0.8144003089684233,-1.22493514211493,0.7838553580351612,-0.4574238703339748,-0.37369499904666287,0.22437917820506095
30,-0.3772037861505093,-0.19593657023402097,-0.16451651841303658,-0.20746077739541874,-0.15678946639522331,0.1435532168296546,-0.5225621609822335,-1.2229987564113802,1.9260537112131446,0.7967041992535205,1.2216004634526347,0.9545406780030902,0.6885337507170998,-0.5549768555166704,-0.8229661023484147,0.6744226008936742
31,-0.8556921708028037,-0.19791159759636398,-0.18813784871820333,-0.20206025737532257,-0.09372470603165141,1.5104834240821516,-0.6558926499888277,-0.6812267983999479,1.3110204443606985,0.7095468602545971,1.2216004634526347,0.5644197078149005,1.3794541741373711,-0.5607476591192849,-0.9336560843213102,0.9929148692579234
32,-1.492128177573331,0.45307464792902896,-0.19310937592051572,0.5834948806967087,-0.01906924196911057,-0.8687973501956907,2.20374563754514,-0.24379610637590246,0.2198323902676479,-2.733168030202869,-0.8144003089684233,-0.8231105428210944,-0.7335035306061821,1.2451666933109966,1.4103670633400027,-0.9284243583742331
33,-1.4317364397045946,-0.20760961278958875,-0.008715695030516685,-0.21896836788162355,-0.23564768157935617,3.2525486130242434,-0.6496488982693212,-0.6210299141764554,0.9043048969260156,1.0669022058404651,-0.8144003089684233,0.22501446375117534,0.8689409031926199,-0.6016804263588551,-2.053578254870603,1.726831835488585
34,0.031601824037858724,-0.20673734947661293,-0.19063676450772543,-0.21476003253930823,-0.16041401316230997,2.579361180129217,-0.5778457534949967,-0.9802046567099606,0.7753463087150185,1.2668951070108692,-0.8144003089684233,-1.1026972381226303,0.08899007258258354,-0.5920778192294769,-2.1186900089723064,1.806815319867882
35,-0.8278190610172331,-0.1038539523692049,-0.1532582451718212,-0.08935958992062026,-0.14023051038156845,-0.7711594782490839,-0.1407831331295431,0.06320800316390943,-0.028164894753500216,-1.049655219013142,-0.8144003089684233,0.4577866426301286,1.138378462857905,-0.028283011138899125,0.8829618551162071,-0.5129996605078209
36,0.7981123431410488,11.793885573679965,-0.17122413447964852,8.992894472163007,9.307687167880642,-0.7094934538617532,-0.4935551052816592,-0.4926098944996713,0.5075092408921797,-3.856110012502672,-0.8144003089684233,-0.6826669935533461,0.032266375810944735,-0.06528551295909714,0.31648959443139013,-5.335236620245463
37,0.05947493382342929,-0.08930571641759727,-0.1294790886062636,-0.07016353206847849,0.07057602054680102,-0.4628293563124305,-0.3811675743305426,0.5889274587157439,0.586868372098946,0.7049596318862329,1.2216004634526347,2.691879398574495,2.074319459589949,-0.3646490999869252,0.21231078786866503,0.19126236713370554
38,1.5088766426730973,-0.20772486315778443,-0.22767332694611608,-0.21944709515081592,-0.26180287544096464,1.5464552716414275,-0.543505119037711,-0.4885967688847718,-1.942703935116762,0.7698816368180078,-0.8144003089684233,-0.3510641688933848,1.1951021596295437,-0.5648960411952169,-1.0508572417043751,1.7302937079708054
39,-0.36791274955531916,-0.2039883249047031,-0.1721184832885301,-0.2149887862495075,-0.23138067582819566,0.7704911314341834,-0.49043322942190604,0.5407699513369499,0.6463877205040216,0.7806488999642451,1.2216004634526347,0.619036643641247,1.705615430574295,-0.5403543043652809,-1.5652400991078304,1.9241585669751309
40,-0.20996512743708617,-0.19823672495085287,-0.16130738445175558,-0.1914113051481756,-0.2336168403678576,-0.6992157831305315,-0.19073314688559492,1.0183318995099901,-0.07776435175772983,0.7129872815308705,1.2216004634526347,2.2835527831108564,1.4645397192948297,-0.13391635263745344,0.5834477862483731,-0.616855834974424
41,-0.5305058899711472,-0.1867541487932506,-0.21136461337239296,-0.19203986910718826,-0.24019920229004227,-0.8842138562925235,0.14642944596775498,0.031102998244713343,-1.1590325144499345,-0.781302359463826,-0.8144003089684233,-0.07407828005977013,-1.0454838628501966,-0.030000357561654076,0.9024953813467179,-0.8037969490143094
42,0.9699965201520667,-0.17365685431913822,0.010054967959223081,-0.17371244261953583,-0.19139884208140104,-0.8996303623893561,-0.749548925781425,-1.0303687268962043,-0.9209551208296323,0.7061064389783241,1.2216004634526347,0.2146112378794903,0.14726534286414716,-0.26954794879739796,0.29044489279070884,-0.2924011199963137
43,-1.2459157078007912,-0.19993151194421477,-0.23059311276334718,-0.20862904306875013,-0.2594676995341971,-0.9921293989703522,0.22469796578376033,0.09932613369800485,0.021434562250729407,0.05472001067058198,1.2216004634526347,-0.8738262689455591,-0.7335035306061821,0.19420105695343057,1.14992004693319,-0.6019378843506573
44,0.28710533040558867,-0.08396295198039913,-0.19384589846900643,-0.10593858812507052,-0.19585693265182083,-0.9510187160454651,0.1714044528457809,-0.9721784054801617,-0.2265627227704187,-1.1723635778668893,-0.8144003089684233,-0.6410540900666059,-1.5134543612162183,0.2978005277778254,1.1043418190619978,-0.855725036247611
45,-1.2737888175863619,-0.20551812189727958,-0.1481551960858498,-0.19809970611832722,0.3153918949040418,2.414918448429668,-0.7089645396046328,-0.5086623969592694,0.061114127854113104,1.1742317223714016,-0.8144003089684233,0.48509511054330184,0.7413125854564323,-0.5986081383745746,-1.5652400991078304,1.5225813590375992
46,1.0675524044015638,-0.1694083617989139,-0.20997048140560695,-0.058930742090624884,-0.22843864392589225,-0.904769197754967,1.5916862171185402,-0.37422268886013615,-0.06784446035688392,-1.2262635111951705,-0.8144003089684233,-0.6072436059836295,-1.3291023467083916,1.7570836206341907,1.488501168262046,-0.9041912509986924
47,1.597141490327404,-0.2072177615377234,-0.1839291484411135,-0.21846010462402393,-0.26097896277997507,1.4693727411572641,-0.3512894644436291,0.7073146643552789,-0.2662422883738024,0.20805631727190788,-0.8144003089684233,-1.235338367986615,0.6704079644918836,-0.48480609515018375,-1.3699048368027207,0.7090413257158752
48,-0.2657113470082271,-0.207751552716735,-0.2270157175278208,-0.21971996297988636,-0.267035379705099,0.6009095643690238,-0.3031206778367116,-0.14977788468756073,0.29334159027213835,0.47636702078522497,-0.8144003089684233,1.1873128568820435,0.3142065460732626,-0.2904143735871473,0.003953174743214855,0.5436877340381469
49,0.44969847082141673,-0.17732788183661358,-0.14381497392510087,-0.17884024280909563,-0.19539183713149164,0.14869205219526557,-0.6402832706900615,-0.1876123477673094,0.1404732590608805,0.5168832687832933,1.2216004634526347,0.3121414804265377,0.23079931451168104,-0.2911399890296041,0.3099784190212198,0.7263506881269758
50,-0.7813638780412822,-0.15804224917127782,-0.1736967458924388,-0.1702824039957673,-0.15083132204664862,-0.4628293563124305,0.0028231564191059373,-0.5628395927604126,0.5075092408921797,0.5214704971516576,1.2216004634526347,1.4356898745685243,1.2234640080153636,-0.3745271440028455,0.13417668294662122,0.20360794331174029
51,-1.6361392447987788,0.0814419501305155,0.25882612070873856,-0.07970851229732434,0.4067165223824106,-0.15963806974138783,-0.39879606186361877,0.7996165534979676,-1.6351873016905383,0.6934915609653218,1.2216004634526347,-1.4978897809232667,0.013474533430643705,-0.5002577875456716,0.07557610425508834,-0.1252699424991694
52,1.7365070392552568,-0.1992727651028436,-0.2076556962532075,-0.20749166430957694,-0.22417380753245625,-0.483384697774874,-0.6090645120925291,-0.5347477134561162,-0.37536109378310756,0.9102381013705387,1.2216004634526347,0.7984922899278143,0.2733420870904099,-0.4538719524692896,-0.28904971871444873,0.5982614062848318
53,-1.343471592050288,-0.2011094920233518,-0.17314435398107075,-0.21489337947669154,-0.25841048353179213,2.1271436679554583,-0.43736133980610087,-0.06922514212777424,-0.08768424315857576,0.8483105183976197,1.2216004634526347,1.2822422929611696,0.7878414256062067,-0.2971087050442614,-0.8034325761179039,1.6211957992624249
54,1.6807608196841157,-0.20710736381660963,0.019785577024044657,-0.2190402320083557,-0.224982568270763,0.5186881985192496,-0.4799445795362574,-0.3280717442887919,1.5391779465801547,0.12899530391920605,-0.8144003089684233,-1.0220722376170712,0.06780174855563174,-0.607317389110105,-1.4805948187756162,0.4836692521321427
55,-0.7395542133629263,-0.1878435680631425,-0.1789576212388011,-0.20547218119507915,-0.25857276223563186,-0.9818517282391303,0.2151107148823263,-0.3340914327111411,0.07103401925495903,-1.7125097182417948,-0.8144003089684233,-0.7073746549985982,-0.8753127725352796,0.31628432355888175,1.1108529944721681,-0.7968732040498693
56,0.3113520332958771,-0.2467897340534927,0.015302178380887413,-0.2182414255045171,-0.2601751720872292,0.9423288229762576,-0.390571178735196,0.8265738400344194,0.15261686706189687,0.6470114358777725,-0.8144003089684233,-0.4967093310969757,2.513928109570151,-0.4824569337763187,-0.7969214007077335,1.2871740302466324
57,-0.1263457980803745,-0.18993020630836976,-0.12182451497730637,-0.1755241741897543,0.48523422228284696,0.9195173570368992,-0.44561922570299767,-0.9420799633684154,1.6582166433903058,0.5914257297692147,1.2216004634526347,-0.41868513705933774,-0.2655330322401602,-0.5861977758838232,-1.4415277663145942,0.9582961444357224
58,-0.7302631767677361,-0.20548779285301755,-0.15223237447928054,-0.21743431680209757,-0.26154049061674045,0.02022116805499332,-0.3655581950317764,-0.5367542762635659,-0.5241594647957964,0.7061064389783241,1.2216004634526347,1.8492181029680053,-0.8753127725352796,-0.37308764052961596,0.06906492884491804,-0.20143113710801172
59,-1.4642550677877604,-0.1523209782616896,-0.20476221481270823,-0.09563275764966545,-0.23044169989619454,-1.0178235757984067,1.2053937134412702,-0.03712013720857816,-0.37536109378310756,-2.35701530399699,-0.8144003089684233,-0.824410946055055,-1.3858260434800305,1.31452409630143,1.4364117649806833,-0.6999407745477063
60,0.6215826478324352,0.1599529272689611,-0.21075961270756127,1.0365472697622746,0.18287516713831026,-0.9150468684861889,2.718855154404425,0.3320874193621758,-0.7721567498169435,-0.8546980133576559,-0.8144003089684233,-0.3939774756140857,-0.8753127725352796,0.988973017224053,1.1954982748043823,-0.9353481033386734
61,-0.8835652805883741,-0.20151468805469241,-0.17882609935514204,-0.2122876792301153,-0.25292601810655585,0.5906318936378022,-0.30936442955621807,2.653680587581537,-0.9903943606355537,0.7244553524517813,1.2216004634526347,0.859611241923964,0.1598946935471323,-0.3155704260263101,-0.08720328099916959,0.6154153015605172
62,0.9653510018544716,-0.20732451977352573,-0.045883779352566476,-0.21917959725356054,-0.2517498165269129,0.9143785216712882,-0.7245739189033991,0.45850087623151004,-0.3456014195805698,1.2221696304193168,-0.8144003089684233,-0.43428997586686535,0.2733420870904099,-0.5904184800332848,-1.4285054154942536,0.9998386142223638
63,-0.20996512743708617,-0.19568301942399047,-0.1487865011274132,-0.21178551167972062,-0.24253054320219455,-0.6426885941088116,-0.749548925781425,1.5300054154096763,0.5372689150947175,-1.3673207835223753,-0.8144003089684233,-0.18721336141434516,-0.3789804257834378,-0.4307455139485649,0.5378695583771809,0.1655273460073191
64,0.40324328784546576,0.675179091706912,-0.20339438722265404,1.5594802465395374,0.29082530894318265,-0.9304633745830214,2.3535956788132957,-0.7494499338532394,-0.20672293996872687,-1.1907124913403466,-0.8144003089684233,-0.6111448156855114,-0.7335035306061821,1.2180749079767554,1.449434115801024,-1.0184330429119557
65,1.3927386852332198,-0.18774651512150403,0.2056649753337475,-0.1890006420345231,-0.06070595312955848,0.7036862716812416,-0.6808676568668536,-0.49060333169222164,0.48766945809048784,1.0501485666056525,1.2216004634526347,0.022151559253316678,0.9398455241571686,-0.5338272082573563,-0.5690302613517724,0.23130292316950102
66,0.3985977695478707,-0.13222737985721353,-0.23227659287418312,-0.12289127049345751,-0.1955438667954315,-0.904769197754967,0.627198328369754,2.0998692527254055,-1.099513166044859,-0.4946005864410523,-0.8144003089684233,-0.6735641709156217,-0.4640659709408966,0.15794416031112396,1.0913194682416572,-0.9353481033386734
67,-0.7209721401725461,-0.2076447944809327,-0.21765135941129587,-0.21942745624277837,-0.26676541891953337,-0.38574682582826714,-0.2317701478836996,-0.044119143441492176,0.15631182120299317,0.14046446603279805,-0.8144003089684233,1.5345205203495322,0.004205117907685294,-0.18450049669604265,0.49229133050598867,-0.2741304592346338
68,-0.14028235297315977,-0.18761670681206258,-0.12429712639009673,-0.1844998135384445,-0.1560004112159376,0.04591534488304777,-0.2656581675196727,-0.8658305766853249,-0.05792456895603799,0.42284508723182346,1.2216004634526347,1.0741777755274684,1.6205298854168362,-0.4366747721165989,-0.601586138402624,0.9686817618823829
69,0.9281868554737109,-0.20433528917106064,0.19143430752183738,-0.2137071761940913,-0.18174242638449442,2.245336881364509,-0.5542643459565041,-0.49662302011457093,-0.1372837001628054,0.8678062389631681,1.2216004634526347,0.6255386598110502,-1.0313029386572865,-0.5779862042367164,-1.6563965548502144,1.4498820369109768
70,0.88173167249776,-0.20761446543667067,-0.2065509124304714,-0.21937552948702288,-0.2546162164250801,1.6852038265129217,-0.7152082913241392,-0.8638240138778751,0.9043048969260156,0.847117665950736,-0.8144003089684233,0.5293088204979634,-0.2938948806259801,-0.592545004666569,-1.539195397467149,1.5987425536464415
71,-1.4131543665142143,-0.20507774417459498,-0.194608725394229,-0.21801508765151648,-0.26226038828367465,0.2000804058513745,-0.4592144708243736,1.0183318995099901,-0.6630379444076383,0.6223895212556741,1.2216004634526347,1.5826354400060756,0.5381326350315865,-0.40296015649698064,-0.03511387771780705,0.46040986888434937
72,1.2905372826861283,-0.2043571260829293,-0.02862810821649809,-0.2160630570552974,-0.19187170833512743,1.4539562350604316,-0.6871114085863601,1.405598521347792,0.42815010968541234,0.36550473262726874,1.2216004634526347,0.3511535774453567,0.5995033435273348,-0.5902876055099772,-1.2006142761382925,1.8237642649907482
73,0.11177198174698641,-0.21420838858320904,0.017042930776581425,-0.16633378765160695,-0.26751204737205164,0.13049211204869815,-0.5302997119560058,0.320170659562265,-0.14310113938958724,0.23496310839956147,-0.8144003089684233,0.015068043254777138,0.1371259354519222,-0.6202752944169606,-0.21837612237389978,0.3015746192178212
74,-0.4701141521024112,-0.19606516538169197,-0.10477927885509251,-0.20838345196734864,-0.20206003308376783,-0.31380313070971466,-0.44984884324511387,-0.2779076741025481,0.586868372098946,0.453808878718283,1.2216004634526347,1.0481697108482557,1.6063489612239272,-0.517947038266447,-0.6406531908636459,0.8198212451469183
75,0.9003137456881404,-0.15272617429303026,-0.18027284007539168,-0.14551194871730855,-0.20189997075159716,-0.904769197754967,0.05277317017515782,-0.6772136727850483,-0.6332782702051016,-0.9028639112254818,-0.8144003089684233,-0.7554895746551415,-1.0171220144643771,0.03447865691290071,0.8243612764246742,-0.6687839222077255
76,-0.9439570184571103,-0.20546474277937843,-0.16091281880077837,-0.20880331161838273,-0.26509098370497036,-1.0126847404327957,1.717481439861557,-0.7895811900022343,1.2019016389513932,-2.2171048387618764,-0.8144003089684233,1.001355194425673,-1.527635285409128,2.0401444579222825,1.5601240977739192,-0.9180387409275728
77,0.9932241116400422,2.712925704422005,-0.025603104892339745,0.988183865036951,9.308389005476611,0.4467445034006971,-0.671502029287594,-0.28392736252489736,-1.347510451066007,1.035240074408468,1.2216004634526347,-0.1130903770785891,-0.3789804257834378,-0.5474991963003709,-0.562519085941602,-3.8823928873106346
78,-0.34933067636493875,0.4754344325207635,-0.10256971120962033,0.29788378519910474,1.5472469029702025,-0.00547300877306113,-0.6153082638120356,-0.41836707062403067,0.45790978388795006,0.765740407767061,1.2216004634526347,1.9922624587036748,0.14571376935422234,-0.45566930511807424,-0.09371445640933991,-0.9941999355364151
79,-0.5026327801855769,0.5947913533095325,0.9489477486445465,-0.0139225741539046,0.2893551627500041,-0.4525516855812087,-0.27190191923917917,0.924023447559852,-1.8038254555049191,-0.06454792690689178,-0.8144003089684233,-1.22493514211493,0.5711414951415149,-0.4068221137032431,0.355556646892412,0.32823535267166404
80,-0.8185280244220429,0.022604817423959568,-0.18495501913365414,-0.11167418031984995,-0.0035022398866244074,0.06647068634549126,-0.37804569847078934,1.2129684918326162,-1.9724636093192998,0.47101098509964967,1.2216004634526347,-1.2405399809224575,-1.0454838628501966,-0.3836163813769997,-0.21742678920257522,-0.03641666841421698
81,1.1836903618414412,-0.16222037830881422,-0.2198872314334999,-0.040134459577337134,-0.23388879588792533,-0.9304633745830214,2.6033457475935546,-0.3702095632452367,-0.07776435175772983,-1.0186914275266825,-0.8144003089684233,-0.06757626388996696,-1.0880266354289259,2.4647780239958914,1.468967642031535,-0.9768905731253145
82,-0.669871438899,-0.12891302190025955,-0.21575744428660545,-0.037173029097854804,-0.2067131845098956,-0.9356022099486324,1.6012235966127648,-0.5849117836423599,0.11071358485834273,0.12926247165650337,1.2216004634526347,-0.955751672685079,0.244980238704591,1.1140549644794198,1.2996770813671072,-0.6653220497255053
83,0.19419496445368678,0.1807404542061523,-0.209260263233848,0.7060336145729935,0.13745639906416332,-0.9561575514110758,0.7847330691939395,0.6250455892498393,-1.3177507768634693,-0.5989600318213419,-0.8144003089684233,-0.43949158880270783,-0.23717118385434033,0.6986941069069654,1.1434088715230197,-0.9491955932675537
84,0.09199356190659469,-0.1979916662732157,-0.0728720698794051,-0.21238017329794012,-0.24771620142877898,-0.4525516855812087,-0.3499488157330102,0.2458052186418366,0.3091114128752612,0.8540445538580753,1.2216004634526347,1.1456999533953032,0.9386765704924961,-0.39843343130212705,-0.06766975476865864,0.8440543525224592
85,-1.2412701895031961,1.1700435489891108,-0.22278071287399914,2.1314751052041965,0.5802550323471566,-0.997268234335963,1.348351651972752,-0.8999421444119705,-0.11744391736111354,-0.8959830686729354,-0.8144003089684233,0.647645514788381,-0.5633324402912652,0.9796412942769172,1.3387441338281292,-1.0045855529830754
86,-1.2552067443959813,-0.17750985610218573,-0.16985630688959433,-0.19975439961559135,-0.19967187917783272,-0.3754691550970453,-0.29999880197695833,1.5942154252480685,-2.3394995911505982,0.1315560858406855,1.2216004634526347,-1.3770823204883238,-0.0800940215618194,-0.4481859112784162,0.003953174743214855,-0.05645383803529915
87,1.9223277711590607,0.09193215995986434,-0.01952679386729127,-0.13663010077519364,-0.1431729654093723,-0.6375497587432006,-0.6371613948303082,-0.4384326986985281,0.586868372098946,-1.342091027496371,-0.8144003089684233,-1.196326270967796,-1.2865595741296623,-0.23355487615363404,0.5964701370687138,-1.0911323650385778
88,0.4404074342262265,-0.18624219452610766,-0.02541897425521708,-0.17580392670665893,0.08558374474557978,0.48271635095997345,-0.6871114085863601,-0.8297124461512293,1.1721419647488556,0.5226173042437489,1.2216004634526347,-0.7021730420627557,0.25916116289750096,-0.5480848411470919,-0.9401672597314805,1.352949607408814
89,0.13844874488254563,-0.20788985315856987,-0.23837920827596343,-0.2199056950927466,-0.26672778761510435,1.027432899714728,-0.4721083082421914,-0.28753620418177944,-0.09833295488085454,0.19761492740284195,-0.8144003089684233,0.00531006246785785,-1.2865595741296623,-0.5545016606391461,-0.621119664633135,0.36285407749386506
90,-1.4224454031094045,-0.08818960758875478,-0.16722586921641316,-0.15763814759811834,-0.23926172408798718,-0.7454653014210294,-0.4685800984036333,-0.9220143352939179,1.0531032679387045,0.8873019595287169,1.2216004634526347,-1.3640782881487175,-0.4891362362428381,0.6526910913198436,0.7266936452721194,-0.758792606745448
91,0.7423661235699076,-0.19609670758772446,-0.09073274168030514,-0.2160835846393749,-0.22415132815071007,-0.22130409412871868,-0.737061422342412,-0.08929077020227175,-0.3059218539771861,-1.8627414473057282,-0.8144003089684233,-0.828312155756937,-1.1163884838147453,-0.5682393834681787,-0.17835973674155403,-0.9630430831964342
92,-1.334180555455098,-0.18642052930636835,-0.14284171198602383,-0.21158624146435145,-0.21936561083366318,0.8424348265527358,-0.5060426087206722,-1.233031570448629,1.5490978379810008,0.46986417800755836,1.2216004634526347,0.8635124516258459,0.2733420870904099,-0.519537210545521,-0.7318096466060303,0.08244240643403672
93,-0.36791274955531916,-0.19947293679497297,-0.1928463321531976,-0.20420882020662717,-0.254670839912305,-0.9201857038517997,0.10896693565071605,-0.05116607686072653,-0.14720359156365131,-1.59209497357223,-0.8144003089684233,-0.6540581224062122,-0.16626656288979158,0.08855047506717845,0.9350512583975695,-0.8003350765320892
94,1.174399325246251,-0.1778883625745758,-0.15822977237413358,-0.19530140381445732,-0.22147278925846536,-0.760881807517862,-0.09395499523324452,-0.10935639827676913,-1.5756679532854634,-0.062254312722709634,-0.8144003089684233,-0.661860541809976,-0.7193226064132722,-0.31092277661995327,-0.08720328099916959,0.1482179835962186
95,1.792253258826398,-0.20492245946797344,-0.09025926289913251,-0.21885742215995924,-0.25324377192483905,2.286447564289396,-0.6371613948303082,3.337918504921901,0.49758934949133377,-0.44070065311277057,-0.8144003089684233,-0.4967093310969757,1.138378462857905,-0.5742742869861053,-1.337348959751869,0.8302068625935788
96,-0.5119238167807668,-0.206288479621535,0.08669027937576378,-0.21857495260578516,-0.23435688686814662,1.6595096496848674,-0.712086415464386,-0.7956008784245836,1.3308602271623904,1.1466657265519318,-0.8144003089684233,1.5878370529419181,-0.22299025966143138,-0.5955609675800767,-1.5522177482874897,1.7164462180419247
97,-1.4085088482166193,-0.1466276100728225,-0.1695669587455444,-0.19589868753044143,-0.22199841187419245,-0.5656060636246483,-0.178245643446582,2.3647355433087722,-1.3078308854626233,-0.233124693072588,-0.8144003089684233,-1.4486044983561586,0.06570211306230814,-0.31491932787263704,-0.00906917607712578,0.29015475536724283
98,-0.3168120482817731,-0.20790805058512707,-0.15164436668741896,-0.21696358032700436,-0.26726231601517425,-1.7984258832911053,5.390243570725899,-2.182041336079311,1.2329926101387403,-2.3422965180198485,-0.8144003089684233,-0.0399788953443154,-2.2073671850953502,6.229294037643141,1.4038558879298324,-2.477661574820988
99,0.3800156963574903,-0.19224370580467695,-0.18884806688996225,-0.19490703411974594,-0.24880044373299054,-0.9201857038517997,-0.012786222879660207,-0.08527764458737214,-0.12736380876195946,-1.509524862941671,-0.8144003089684233,-0.6683625579797792,-0.12372379031106273,0.15289386475087613,1.0131853633196133,-0.8453394188009506
100,0.6819743857011714,-0.19706602384233876,-0.19750220683472824,-0.18709361314117998,-0.26318299664671385,-0.9921293989703522,3.3088896918977873,-0.28392736252489736,-0.3555213109814157,-1.061123289934053,-0.8144003089684233,-0.3068504589387233,-0.4924278193267165,3.7580281134883853,1.3713000108789808,-1.0772848751096975
101,1.4949400877803118,-0.20323252512169346,-0.015370702343665011,-0.2134787628953276,-0.08638430470099187,0.8732678387464012,-0.699598912025373,-1.0062899732068071,2.30300958444529,0.3712387680877243,1.2216004634526347,0.4460830135244829,0.812217206420981,-0.5995220265576227,-1.4219942400840833,1.1279278960645074
102,1.0396792946159932,-0.20639523785733732,0.6001780175574571,-0.21644817409580974,-0.142401822542939,0.7242416131436851,-0.7276957947631522,-0.22573704110885462,1.370539792765774,0.5042683907702913,1.2216004634526347,0.014349139849552883,0.23079931451168104,-0.6039200053073949,-1.3503713105722097,1.6991368556308242
103,-0.5908976278398834,0.09324480099552473,-0.1807463188565643,-0.0512386037377504,-0.04959201112543121,-0.7454653014210294,-0.4748238501231397,-0.6932661752446463,0.1404732590608805,0.6739958403997733,1.2216004634526347,2.2172322181788644,0.6136842677202448,-0.17360093984217972,0.5443807337873512,-0.5683896202233425
104,-0.5908976278398834,-0.2062169030770766,-0.23798464262498623,-0.21734468685572814,-0.26395163434153335,-0.7094934538617532,-0.2092549900182901,-0.12741546354381683,0.6860672861074052,-0.16454628822955808,-0.8144003089684233,1.0429680979124132,-1.073845711236016,-0.19145559478607502,0.17975491081781345,-0.6514745597966249
105,-0.2424837555202516,-0.20411328056706263,-0.2142317904361604,-0.2118933522844177,-0.1354888652793463,2.0963106557617928,-0.6933551603058666,0.08929331966075608,0.7852662001158645,0.5317673131700317,-0.8144003089684233,-1.1547133674810557,-0.12372379031106273,-0.5848769637699617,-1.8973100450265161,1.3593611524046216
106,-0.3075210116865829,-0.20634185873943614,-0.20181612461874535,-0.2131538129171309,-0.2641417050028471,-0.7762983136146948,0.8176327558147017,-0.6631677331329,-0.6332782702051016,-0.09551171839335128,-0.8144003089684233,-0.7932012684399999,-0.7760463031849115,0.5487399408912471,1.293165905956937,-0.9041912509986924
107,1.1558172520558705,-0.20779643970224282,0.016308908149592325,-0.2198933723092778,-0.26712280549302553,0.3182736192604248,-0.1407831331295431,0.08736188371619498,-0.07856094169715085,0.194969023483064,-0.8144003089684233,0.004664738854217907,-0.19462841127561148,-0.4706997680597901,-0.5234520334805801,0.31777122893816123
108,-0.02414439553328241,-0.20464707174607424,-0.1450775840082278,-0.2164819309293899,-0.23712183067409456,1.5567329423726495,-0.5996988845132694,0.5568224537965478,-1.684786758694768,0.1566497594918346,-0.8144003089684233,-1.401789981933576,-0.605875212869994,-0.5535939715717666,-1.0638795925247158,0.7228888156447556
109,0.15703081807292602,-0.20269388129559993,-0.15851912051818354,-0.2134340920846719,-0.2590167955088275,-0.390885661193878,-0.646527022409568,-0.021067634748980255,-0.45472022498987497,0.5432598319013885,1.2216004634526347,1.1326959210556968,-0.010276396767785122,-0.17504117152235632,0.5378695583771809,0.013204956789634686
110,0.7237840503795273,0.3821192422971388,-0.1279271303790867,0.3622472002684775,0.5788275278016346,-0.5244953806997611,-0.6121863879522823,-0.6732005471701488,-0.21664283136957277,0.09141783761749704,1.2216004634526347,-0.5357214281157947,1.2092830838224538,-0.2234549938955184,0.2513778403296869,-0.2152786270368921
111,-0.3539761946625339,-0.20779643970224282,-0.20536721547753992,-0.21980977873604615,-0.26675324902418707,0.22577458267942893,-0.4091735761101655,0.191013106576643,-0.06595926155041973,0.16917113316999655,-0.8144003089684233,0.004787931051311074,0.13556144444411766,-0.4799336591789908,-0.5950749629924537,0.31756198710940703
112,1.6343056367081648,-0.2017645993794115,-0.06306053735843942,-0.21446366338611836,-0.2496682338367491,-0.390885661193878,-0.6683801534278406,-0.2618551716429502,-1.962543717918454,-1.0358935339080488,-0.8144003089684233,-0.9362456241756695,-1.584358982180767,-0.4415018995281162,0.3099784190212198,-0.3052873115746148
113,-1.5279699861451217,-0.24839339716824793,-0.16491859474277032,-0.2166711437314102,-0.2672559691326675,-0.9561575514110758,2.8936802025506063,-2.3912312012062067,1.4222178782909136,-2.2173782428563764,-0.8144003089684233,-0.029998627740336993,-2.4627968745684123,6.707750168061963,2.780513213398987,-2.1200582488522
114,1.5088766426730973,-0.17719443404186067,0.01469520026079554,-0.21358567874008752,-0.24585654470546292,-0.37033031973143443,-0.5622363741962305,-0.15350078004066364,-0.315841745378032,-1.9751285423306557,-0.8144003089684233,-1.2080299000734416,-0.5916942886770841,-0.4495805765816744,0.1276655075364509,-0.9768905731253145
115,-0.9300204635643251,-0.2055229745443615,-0.19426676849671545,-0.2174532016403907,-0.26333921726799153,-0.9715740575079086,-0.3811675743305426,1.6263204301672642,-0.841595989622865,-0.6826769495439917,-0.8144003089684233,0.0034137835928198124,-0.010276396767785122,-0.2692858777862754,0.7332048206822898,-0.6687839222077255
116,1.3695110937452448,-0.13363222118743048,-0.2080765662809165,-0.16505839696027585,-0.019616088022638055,-0.10311088071966816,-0.2656581675196727,0.4504746250017111,-1.7443061070998436,-0.034730942512523136,-0.8144003089684233,-1.0714875605075753,0.37260855644077856,-0.4924473761148633,-0.23696031543308618,0.08679618885471971
117,1.1372351788654902,-0.19833377789249135,-0.020684186443490973,-0.21308532779719933,-0.0635709291768353,1.6852038265129217,-0.6808676568668536,-0.7093186777042444,1.509418272377617,0.5684895879273925,1.2216004634526347,-0.17941094201058136,1.932510217660851,-0.6007307367960649,-1.7801088876434503,1.5398907214486997
118,-0.9067928720763496,-0.177301192277663,-0.05785227076554069,-0.18478880180567608,0.09546639154339427,0.8013241436278484,-0.6434051465498147,-1.0424081037409028,-0.11744391736111354,0.43316635106064333,1.2216004634526347,1.1977160827537285,-0.8753127725352796,-0.5643281190248567,-0.8750555056297773,-0.0664181103014278
119,0.3753701780598952,-0.2028406738698281,-0.08470903940872031,-0.21427343998649184,-0.2507637057574171,0.40049498511019915,-0.3085958109077121,2.70785778338268,-0.33568152817972385,0.583398080124577,1.2216004634526347,-1.150812157779174,3.15206969825109,-0.4232635149464159,-0.6797202433246677,0.8786730773446602
120,-0.01693516909553906,-0.2506874260097663,0.005577369072988505,-0.21993422090416628,-0.2674499352350965,-0.021460123737051855,-0.07961199096010661,-0.06613188483765914,-0.08532457444787153,-0.012289192237004793,-0.8144003089684233,0.016035025592377995,-0.6342370612558139,-0.09612968326500254,0.03169154578841531,-0.014985929735500336
121,-0.4794051886976014,-0.19692408391519248,-0.0037967765816679868,-0.2058171761138849,-0.07537361875153023,0.2823017717011486,-0.6527707741290745,-1.0765196714675485,2.0748520822258336,0.9767529127118224,1.2216004634526347,0.42917777148299463,-0.5775133644841751,-0.5777112190386274,-0.7643655236568819,0.20014607082952013
122,0.663392312510791,-0.0007861546726837642,-0.1953452479427197,0.20065545527704565,-0.15110542677560754,-0.9201857038517997,2.4472519546058926,-0.7173449289340433,0.07103401925495903,-1.0278658842634112,-0.8144003089684233,-0.509713363436582,-1.5418162096020378,1.4640269002347637,1.4429229403908537,-0.9941999355364151
123,0.06876597041861948,-0.16625899384274534,-0.19973807885693223,-0.12424428171931108,-0.23500416142339228,-0.8482420087332473,2.8218770577762817,-0.5427739646859151,0.6959871775082511,-0.9705255296588564,-0.8144003089684233,0.7308713217618614,-0.44952432283698973,1.0784334952747912,1.416878238750173,-0.6099320900099836
124,0.14309426318014073,-0.2011859212148921,-0.07216185170764616,-0.21420200072207213,-0.22355625250640895,-0.2829701185160493,-0.5965770086535161,0.013043932977665634,0.34879097847864493,0.7026660177020507,1.2216004634526347,1.443492293972288,1.3227304773657322,-0.5442555741504794,-0.34113912199581126,0.3183834383516217
125,-0.13563683467556467,-0.2055229745443615,-0.21267983220898354,-0.21401356457363957,-0.1109564248747458,1.3768737045762682,-0.6746239051473472,-1.2651365753678252,0.9043048969260156,1.2795099850238716,-0.8144003089684233,-1.3250661911298987,0.060628224196763635,-0.5982351836156335,-2.0796229565112845,1.4152633120887756
126,1.796898777123993,-0.06194285268439929,0.20342910331154346,-0.012638439434325984,1.082209693364721,2.800331100850485,-0.5965770086535161,0.2658708467163341,-0.9903943606355537,0.9973954403694621,1.2216004634526347,-0.025963360403226724,-0.2513521080472503,-0.5316596310651626,-1.2006142761382925,1.2906359027288523
127,-0.7999459512316626,-0.17365685431913822,0.019410466761692478,-0.20514223385416347,-0.09513659523132341,-0.38574682582826714,-0.4924554458150531,-0.8096468180767318,1.7375757745970732,0.032892733102918695,-0.8144003089684233,-0.15080207086344743,0.021349173764119975,-0.570572904980298,0.08290853832627886,-0.12165814100663652
128,0.2454757263163697,-0.24287965628942265,0.013192109060165576,-0.21526633442949203,-0.255181787461072,-0.3523768775381058,-0.3029594664785031,0.3682824663914515,-0.43076920174240113,-1.0186914275266825,-0.8144003089684233,-0.7164774776363225,-0.4782468951338065,-0.399130899892358,0.3295119452517307,-0.2949016941279545
129,-1.6872399460723246,-0.1582023865249813,-0.1838765396876499,-0.033361225833584515,-0.23159970707931807,-0.9818517282391303,2.0801694537645736,-0.687246486822297,0.09087380205665088,-2.306555791944982,-0.8144003089684233,0.31734309336238026,-1.300740498322572,2.376937481843735,1.57314644859426,-0.9665049556786541
130,-1.5989750984180182,-0.13098631536601152,-0.20160568960489086,-0.1843736237581575,-0.23214615015617845,-0.5861614050870918,0.5866139421929618,-0.8236927577288801,0.9439844625293993,1.093727236105114,1.2216004634526347,-1.358876675212875,-0.010234316711449632,-0.039372398036754824,0.6290260141195646,-0.13273316512464833
131,0.40788880614306083,0.0360575682968229,-0.020657882066759184,-0.07914173103201043,1.1869951720912748,1.8496465582124704,-0.5497488707572176,-0.46652457800282465,-1.0201540348380915,0.36665153971936004,1.2216004634526347,-0.8790278818814017,-1.0313029386572865,-0.5644168431440828,-1.1420136974467596,0.31784973522500354
132,-1.3063074456695274,-0.20769817359883386,-0.1894004588013303,-0.21986435151994452,-0.2673952042874271,-0.2367206002255512,0.1714044528457809,0.0745299886373936,-0.03713084712656141,-0.10882654344566102,-0.8144003089684233,0.0014430564707779805,-0.09958604395516052,-0.001282549542219546,0.3099784190212198,-0.08148242739747615
133,-0.006726736784506831,2.557686490869398e-13,-2.6802107193254615e-08,2.4539996407862237e-13,7.41094902120084e-14,-0.1272469532189188,0.00038392942622613574,0.10229638733096022,-0.05567563477811267,-0.057875153221638796,-0.8144003089684233,-2.7179550548513862e-09,-0.11088736482296817,2.7122204799707894e-11,-0.028602702307636733,-0.1183461975347292
134,-0.4004313776384848,-0.19497089346471813,-0.1791417518759238,-0.18908524432669022,-0.23899739825948316,-0.41657983802193244,-0.2875112985379454,-0.5768855324125609,0.3686307612803368,0.8334020262004356,1.2216004634526347,2.286153589578778,1.98923391443249,0.004882893172560785,0.5574030846076918,0.28194279335841915
135,-1.6918854643699197,-0.1988275347330771,-0.08991730600161897,-0.2084416556114434,-0.2085748762653805,0.8629901680151792,-0.4030207053488153,-0.8658305766853249,-1.5558281704837715,0.4893598985731072,1.2216004634526347,2.5644398816463534,0.7746138644588372,-0.5072064573905104,-1.0508572417043751,0.8725113242128238
136,0.7470116418675028,-0.19898403260146916,-0.12192973248423367,-0.20234491675484212,-0.22020392991050142,-0.20588758803188598,-0.2812675468184389,-0.3942883169346337,0.9142247883268615,0.8425764829371641,1.2216004634526347,-0.051971425082439376,1.166740311243725,-0.40508855709840336,-0.015580351487296099,-0.19450739214357143
137,-0.9532480550523005,-0.13831745194502792,-0.15886107741569708,-0.11502709493769554,-0.0491684289180907,-0.5193565453341502,-0.3655581950317764,-0.6952727380520961,1.4598188153733873,0.32766009858826284,1.2216004634526347,0.7386737411656252,0.4718750257911472,-0.3429782883021807,0.2774225419703682,-0.09527553511011126
138,0.12451218998976035,-0.05961600840861681,-0.15930825182013783,-0.045642390247046985,0.45862355732697513,0.06647068634549126,-0.4155082087878282,-0.9280340237162671,-0.3257616367788779,0.7737680574116987,1.2216004634526347,1.531919713881611,0.542779646755696,-0.4817763615618763,-0.1327815088703618,0.3940109298338459
139,0.366079141464705,0.15481033452389234,-0.20008003575444577,0.05401456416080456,-0.01249472465937871,-0.8944915270237452,0.14955132182750827,-0.6631677331329,-0.6134384874034098,-1.2629613381420857,-0.8144003089684233,-0.7411851390815746,-1.1447503322005648,-0.0005134274356291754,1.0196965387297836,-0.8868818885875918
140,0.022310787442668536,-0.1488379908186388,-0.209260263233848,-0.1100120505884889,-0.19854540491890946,-0.9304633745830214,0.4149107699065336,-0.08929077020227175,-0.40512076798564534,-0.4544623382178638,-0.8144003089684233,-0.41088271765557394,-0.3080758048188891,0.29951982479112027,0.9545847846280805,-0.6826314121366058
141,-1.543228878846877,-0.08270005057732846,-0.19673937990950574,-0.13510103511031843,-0.24849671350272226,-0.7917148197115274,1.7557756806926887,-1.3413859620509156,2.372448824251211,1.010010318382464,1.2216004634526347,-1.4251972401448674,-0.6620208909141683,1.9541821230090115,0.8829618551162071,-0.689654615566963
142,0.9188958188785208,-0.123947550773681,-0.174643703454784,-0.1042782325687073,-0.1375137357198941,-0.7762983136146948,-0.0627362366357121,-0.5608330299529628,-0.8118363154203272,-0.4172596825016285,-0.8144003089684233,-0.6930702194250312,-0.322256729011799,-0.10684693613563682,0.6615818911704162,-0.5580040027766822
143,-1.1948150065272451,1.893259020005399,-0.02478766921365358,0.5665826560935272,0.7021351036732697,-0.7762983136146948,-0.5996988845132694,-0.4384326986985281,-0.10752402596026761,-2.8065636840966994,-0.8144003089684233,-0.9232415918360631,-0.12372379031106273,-0.15236462358582883,0.6680930665805865,-1.0011236805008552
144,1.597141490327404,-0.20661724646133534,-0.10280645060020664,-0.2153118243956532,-0.18271155840374992,0.2977182777979813,-0.508549951379889,-1.152769058150639,2.0649321908249876,0.39990894539000166,1.2216004634526347,0.05466164010233249,0.9682073725429885,-0.5884170897210329,-1.2071254515484628,0.5543302649720843
145,-0.7395542133629263,-0.20768118933404714,-0.22517441115659403,-0.21950944114542587,-0.26716288823884604,-0.5861614050870918,0.27442635621763783,-0.05737506984556131,0.0607974107181901,-0.08039571098354703,-0.8144003089684233,0.3342483354038685,0.011002951211494945,0.17042107072579965,0.375090173122923,-0.0006425331392456719
146,-1.0043487563258466,-0.20746767286244247,-0.2105491776937068,-0.21901364881558805,-0.26628999376397094,-0.3240808014409364,-0.20675770115376646,2.796146546910469,0.4182302182845664,0.2145508041743143,-0.8144003089684233,1.4708007618854613,2.0317766870112197,-0.15883202707617364,-0.028602702307636733,-0.3052873115746148
147,-0.6234162559230491,-0.20770302624591577,-0.2117591790233701,-0.2196138357353943,-0.26684297849539385,-0.32921963680654726,-0.4030207053488153,2.428945553147164,0.2991915214744153,0.0688767944241229,-0.8144003089684233,0.5371112399017272,0.05090336387317639,-0.29374892382846995,0.2057996124584947,-0.011028150585906124
148,-1.236624671205601,-0.20767148403988328,-0.1910050257819708,-0.2196021427073435,-0.2661575756311631,-0.390885661193878,-0.5216519880194384,0.31804147971002744,-1.9030243695133784,0.3018618730966111,-0.8144003089684233,2.2237342343486675,0.25916116289750096,-0.45333978679640485,-0.08069210558899928,-0.381448506183457
149,-1.0368673844090122,-0.2501532155083414,-0.2092339588571162,-0.21923784900920976,-0.26729024901448184,-1.002407069701574,1.1460586797262702,-0.3013732626353209,0.11548566075142808,-0.6914624818679437,-0.8144003089684233,0.0065740362512645804,-0.6708887839533757,1.3021160727085104,0.8699395042958664,-0.8621868952419774
150,0.5426088367733186,-0.2078231292611934,-0.013371569712047357,-0.21979724609302523,-0.26607328634496213,0.1641085582920981,-0.6146170731018038,1.3233294462423524,-0.5043196819941046,0.908629241475196,-0.8144003089684233,2.63986326921607,0.542779646755696,-0.540996746351673,-0.6601867170941568,0.8336687350757988
151,1.940909844349441,0.47558486458030313,-0.18879545813649862,0.14693122993251936,-0.03736070885133485,-0.7814371489803057,0.4367639009248063,-0.16955328250026167,-0.6927976186101761,0.945789121225363,1.2216004634526347,-1.4447032886542768,-0.08362336147583146,0.29931149876973573,1.0131853633196133,-0.46978990877008153
152,0.3289149950839445,-0.1947440322136382,-0.2128639628461062,-0.20908555259987086,-0.15806675467180736,0.544382375347304,-0.6683801534278406,-0.03511357440112835,-1.7046265414964599,1.2061143311300413,-0.8144003089684233,-0.6293504609609601,0.20243746612586114,-0.562777531918982,-1.35688248598238,0.6051851512492722
153,0.013019750847478346,-0.15310953341250225,-0.12145625370306104,-0.1962073649768109,-0.2208732808708262,-0.8431031733676363,-0.2750237950989324,1.1868831753357694,-0.7919965326186353,-0.9510298090933078,-0.8144003089684233,-0.004625975056453454,-0.2655330322401602,-0.3261021431384185,0.5378695583771809,-0.5960846000811033
154,-1.6547213179891593,-0.20723595896428063,-0.15838759863452445,-0.2192096633820268,-0.26686198556152524,-0.4525516855812087,-0.1407831331295431,-0.5935166386223161,0.2171133996976244,0.7944105850693384,1.2216004634526347,1.5085124556703196,-0.6767798338345428,0.07127753724914046,0.4271795764042855,-0.5614658752589022
155,0.7284295686771224,-0.2066439360202859,0.11570400691095192,-0.218171937840739,-0.21504193984683112,2.94421849108759,-0.5872113810742565,-0.4705377036177241,-0.49439979059325867,1.4043541991842128,-0.8144003089684233,1.7633914895266036,-0.16626656288979158,-0.6002277088930719,-1.578262449928171,1.9899341441373128
156,-1.7708592754290364,-0.16243389478041886,-0.19929090445249145,-0.04783246740427722,-0.22921090841071562,-0.9715740575079086,1.654839932280115,-0.5347477134561162,0.7555065259133267,0.9423486999490895,1.2216004634526347,1.7256797957417451,-0.37249034864964503,1.9721269083350144,1.429900589570513,-0.9561193382319938
157,0.008374232549883252,-0.16863436458934705,-0.19684459741643295,-0.17121403960129805,-0.23088659285294666,-0.8533808440988581,0.2057450873030665,-0.24379610637590246,-0.33568152817972385,-1.0863530459600572,-0.8144003089684233,-0.4498948146743929,-1.938882087003511,0.1478723634968887,0.8373836272450148,-0.8695725261764913
158,-0.3864948227456995,-0.19264404918893566,-0.20812917503438014,-0.19512782701869066,-0.25349443684432854,-1.002407069701574,0.87382652129026,-0.5166886481890683,-0.44480033358902904,-0.8157065722265587,-0.8144003089684233,-0.010358521595699135,-1.8254346934602328,0.402614865881497,1.293165905956937,-0.8972675060342521
159,-1.6314937265011837,-0.2077648974962103,-0.15023324184766287,-0.2193363435550677,-0.26301894484553895,-0.21102642339749675,-0.6402832706900615,-1.2430643844858777,2.0748520822258336,0.5220114960248623,-0.8144003089684233,2.416193912974841,0.032266375810944735,-0.5357258848492156,-1.011790189243354,0.06582219060186056
160,1.4531304231019562,-0.2071874324934614,0.019845456783108915,-0.217811356622716,-0.16379882239386326,2.846580619140983,-0.4749213921313466,0.9180037591375028,-1.5359883876820797,0.7437231683508174,-0.8144003089684233,-1.1547133674810557,0.2943752352009846,-0.6081270628617388,-2.0344488385744097,1.6368231509508624
161,1.89445466137349,0.37027635709370366,-0.08218381924246637,-0.05737892731213848,0.12577594574515424,0.3748008082821447,-0.3989743102118562,4.2950489640754315,-0.6828777272093302,-0.05766708435434494,-0.8144003089684233,-0.877727478647441,3.70512574177457,-0.38177672270799384,-0.04162505312797737,-0.46107157327451936
162,-1.0043487563258466,0.544556750717457,-0.19731807619760558,0.718876877734369,0.07977500399633104,-0.9510187160454651,1.2609391278996616,-0.5267214622263171,0.011514670849883482,-0.662034421886352,-0.8144003089684233,0.1352866406078917,-0.7760463031849115,0.9390913298354082,1.3387441338281292,-0.9630430831964342
163,0.02873176741523821,-0.205874791457801,11.556924188296048,-0.21444405982994424,-0.19322143838389982,2.1836708569771783,-1.3113565943386614,1.0965878490005303,0.9439844625293993,2.7706067642911583,-0.8144003089684233,-0.3510641688933848,1.0249310693146274,-0.5771733656849649,-2.1772905876638395,1.865306734777389
164,0.6308736844276254,0.08804397648547287,-0.20836591442496644,0.42509919107741145,0.04866307623643781,-0.9612963867766868,0.9830921763816233,1.4417166518818876,-0.5340793561966424,-0.5863451538083397,-0.8144003089684233,-0.6943706226589919,-0.2797139564330702,0.5565863231343418,1.208520625624723,-0.8695725261764913
165,0.21742255594166224,-0.17962803655344547,-0.09112730733128233,-0.18112264937328793,-0.12108265763526443,-0.760881807517862,-0.6558926499888277,-0.5166886481890683,-0.8911954466270946,0.852897746765984,1.2216004634526347,0.7048632570826487,0.11735192096840344,-0.4671518844134595,0.40764605017377453,-0.8141825664609698
166,-0.4794051886976014,-0.18370668642580246,3.03556873727223,-0.21124917029238505,0.020027937100407515,1.0736824180052258,-0.6371613948303082,1.9574032933964731,-1.4367894736736204,1.2726291424713247,-0.8144003089684233,-1.196326270967796,-0.3789804257834378,-0.6027296481465253,-1.376416012212891,0.5982614062848318
167,-1.7847958303218217,-0.2058614466783257,0.2748454861384119,-0.2181516813159951,-0.26361300633189455,-0.22130409412871868,-0.40770535794039514,0.11136551054270341,-1.1689524058507805,0.6063342219663989,1.2216004634526347,1.5098128589042803,0.47221041287059384,-0.3478579914225478,0.06906492884491804,0.2209173057228408
168,-1.4689005860853555,-0.15549824893857925,-0.20954961137789793,0.025634840236703083,-0.1984377026883502,-0.9767128928735195,1.3353151660112499,-0.05919232809052548,0.17023293326341826,-2.0817816018951274,-0.8144003089684233,-0.7099754614665195,-1.1305694080076552,1.4307336985809236,1.4819899928518756,-0.9630430831964342
169,-0.028789913830877503,-0.16614374347454963,-0.23837920827596343,0.10533930944437783,-0.20992670850909959,-0.8996303623893561,2.3418013220598364,-0.44043926150597784,0.5372689150947175,-1.3237421140229135,-0.8144003089684233,0.47729269113953804,-0.5349705919054453,2.6381950894975015,1.5796576240044302,-1.1084417274496783
170,1.7086339294696862,-0.1729944679924556,-0.123560603841606,-0.20129928514750536,-0.15286989369387768,-0.37033031973143443,-0.4467269673853606,0.32004804251747726,-1.8633448039099947,-0.23604638525054542,-0.8144003089684233,-1.1937254644998747,-0.1545201510589477,-0.5262095775443446,-0.9271449089111399,-0.14373621819924984
171,-0.2285472006274663,-0.2015280328341677,-0.10943515353662318,-0.21623998296663996,-0.20491511605386742,0.4724386802287515,-0.6933551603058666,0.8517871864916611,-2.071662523327759,-2.014119983461753,-0.8144003089684233,-0.6228484447911571,-0.4073422741692577,-0.5856697743479755,-0.22393796461274554,0.20613551451417667
172,0.2685232572152083,-0.1934447359574531,-0.007216345556803444,-0.19076204209401534,0.12206314037169573,0.8424348265527358,-0.737061422342412,-0.9621455914429129,2.03517251662245,0.370091960995633,1.2216004634526347,-0.12869521588611668,0.5144177983698761,-0.5769916600266651,-1.109457820395908,0.9063680572024209
173,0.19884048275128186,0.1362805016415662,-0.20228960339991797,0.03156564060627135,0.20010708746973818,-0.6889381123993096,-0.43423946394634766,-1.208952816759232,0.4380700010862582,0.7645936006749697,1.2216004634526347,0.5878269660261918,-0.2513521080472503,-0.30997393046860783,0.5248472075568402,-0.9422718483031135
174,-0.6234162559230491,-0.2073694067590335,-0.11782624971407106,-0.21922137164813327,-0.2440106899329949,0.9297950277681207,-0.5778457534949967,-0.44645894992832713,0.4380700010862582,0.9182657510151765,1.2216004634526347,0.42917777148299463,-1.1589312563934746,-0.6012732083744491,-0.7318096466060303,0.6627460739077682
175,1.4484849048043609,-0.20433043652397873,-0.20221069026972252,-0.2174692848591231,-0.21323424696473714,1.346040692382603,-0.659014525848581,-0.9501062145982143,1.4598188153733873,1.057029409158199,1.2216004634526347,-0.0025561021919353394,0.7980362822280711,-0.5934289200427737,-1.1745695744976112,1.0586904464201052
176,0.3149784401911592,-0.20781463712880002,-0.18171958079564132,-0.21978737302632465,-0.26684463069972897,-0.40116333192509973,-0.3757369839499411,-1.1347099928835913,-0.3059218539771861,-0.193547044672793,-0.8144003089684233,0.004527340849559225,-0.4782468951338065,-0.44167598127462604,0.1667325599974728,-0.4783809356856199
177,-1.324889518859908,-0.15475094128796296,-0.12737473846771866,-0.20884395425589403,-0.25814863600979077,-0.24699827095677312,-0.0627362366357121,-0.8196796321139805,-0.2860820711754943,0.3142675716993475,-0.8144003089684233,1.3394600352554373,0.3944300846724828,0.06629980047044529,0.5899589616585434,0.4251677821738268
178,1.1976269167342264,-0.17165149791253317,-0.09165339486591852,-0.20204302409220634,-0.18897268075948098,-0.3394973075377691,-0.6184301396717888,1.855068590216536,-1.6649469758930762,0.12696885747232123,1.2216004634526347,-1.2522436100281031,-0.5775133644841751,-0.48843460957709345,0.07557610425508834,-0.10796058008806889
179,0.5007991720949627,0.24420579906709308,0.11644052945944265,0.12909073870516918,0.29281880765019697,-0.6221332526463681,0.3118888665346768,1.347408199931749,-1.0003142520363997,-0.8111193438581944,-0.8144003089684233,-0.750287961719299,0.7129507370706124,-0.2609222486916105,0.7722718731433116,-0.42048853267120845
180,1.5321042341610727,-0.12228430598635161,0.015014935331808867,-0.20113449108884396,-0.22760894183345207,0.9297950277681207,-0.49043322942190604,-0.5748789696051111,0.16031304186257234,-0.43840703892858846,-0.8144003089684233,-1.3120621587902923,-0.02257467835170274,-0.3476661940486342,0.1667325599974728,0.6386462858994846
181,0.9746420384496619,-0.2079565770559463,0.016013680276594004,-0.21997388979424415,-0.2674394444091965,-0.031167185601115584,-0.40632170761657865,0.28585459687075315,-0.10449777057898568,0.14195580412774797,-0.8144003089684233,0.0045843693325049555,0.31588485966913976,-0.4589674798325778,-0.5104296826602395,0.19021083311917286
182,1.5274587158634776,-0.20107916297908976,-0.04288508040513992,-0.20408387151370935,0.029809228550169493,0.6471590826595217,-0.7620364292204379,-0.9902374707472094,0.7356667431116348,0.7175745098992349,1.2216004634526347,0.01304873661559225,0.826398130613891,-0.5894061354258571,-1.2657260302399957,1.4498820369109768
183,1.5181676792682874,0.037392046244351954,0.24064979638705689,-0.1488371442735349,0.03058536832727478,-0.7043546184961423,-0.502920732860919,0.42238274569741463,-0.8614357724245568,-1.2102082119058952,-0.8144003089684233,-0.7866992522701968,-1.5985399063736767,-0.48258659910679524,0.3490454714822417,-0.1252699424991694
184,-1.5571654337396623,0.04233446729729137,-0.19900155630844152,-0.0251219570298565,-0.2018960753104819,-0.7557429721522512,1.005538126070899,-0.887902767567272,1.9062139284114528,1.3632269027465211,-0.8144003089684233,-1.4199956272090248,-1.5418162096020378,1.0926716164852954,1.2475876780857449,-0.8037969490143094
185,1.5181676792682874,0.2518487182211231,-0.18558632417521762,1.0881852236054153,0.18136076739080675,-0.904769197754967,2.3973019408498413,-0.5869183464498096,-0.008325111951808368,-1.1276381012753365,-0.8144003089684233,0.06506486597401755,-0.605875212869994,1.0607577852238113,1.3647888354688105,-1.028818660358616
186,0.2499411840248279,5.865484276046934,-0.19184676583738877,9.6951749096701,1.9370301542834496,-0.8019924904427492,1.498201693240908,1.5902022996331688,-0.08768424315857576,-1.4017249962851082,-0.8144003089684233,-0.5916387671761019,0.4151513290195074,1.974010599397997,1.312699432187448,-0.9284243583742331
187,2.0245291737061524,-0.19976166929634745,0.033529134000772606,-0.19406181860448476,-0.24426769501871334,-0.760881807517862,-0.24692691236115327,0.39228430358566835,0.11071358485834273,0.014581762447393908,1.2216004634526347,0.16909712469086816,0.556960570948605,0.023128183335309072,0.5834477862483731,-0.6376270698677445
188,1.1093620690799195,-0.09658832652579445,0.020839203466546885,-0.19319403306475896,-0.041980688581482815,-0.10824971608527893,-0.6902332844461134,-0.17155984530771134,0.2198323902676479,-0.6838237566360827,-0.8144003089684233,-1.2535440132620639,-0.2977366551521024,-0.5517292732906208,0.049531402614407076,-0.2083548820724519
189,-1.1019046405753434,-0.2077915870551609,-0.1921361139814387,-0.21957141587490384,-0.2655035713655769,0.056193015614269516,-0.27814567095868564,-0.47856395484752307,0.6959871775082511,0.10939027601877445,-0.8144003089684233,1.079379388463311,-0.6484179854487239,-0.49874628502568946,-0.7318096466060303,-0.31913480150349516
190,-0.6745169571965951,-0.008799088166710486,6.707870164046978,0.003204811923023782,-0.07599743334847311,0.009943497323771394,-0.7620364292204379,0.4063302432378164,-0.315841745378032,1.352417800795289,-0.8144003089684233,1.1365971307575786,0.33309886391445953,0.05195459881369064,-0.18487091215172435,0.2473249713712366
191,0.013019750847478346,0.02576753015960342,-0.07011011032256487,-0.0987977887222092,0.3803486374359087,-0.24185943559116216,-0.5372613673182046,-0.9561259030205636,1.4399790325716955,0.5042683907702913,1.2216004634526347,0.8466072095843576,-0.010276396767785122,-0.5123689111315929,-0.10673680722968054,-0.855725036247611
192,0.2592322206200181,-0.19509948861238913,-0.08573491010126093,-0.20754174882738946,-0.07165809328556881,1.1147931009301129,-0.43252885868411833,1.2310275570996636,-2.4684581793615954,0.4293000535436327,-0.8144003089684233,-1.3042597393865285,-0.024457320960694067,-0.5835976239583807,-1.7215083089519174,1.2629409228710915
193,-0.3214575665793682,-0.201733057173379,0.05822894375194369,-0.20932309876397512,-0.1475580231751587,0.9863222167898406,-0.6902332844461134,0.9340562615971008,1.1622220733480095,0.7439510730173301,1.2216004634526347,-0.19501578081810894,2.6982801240779777,-0.5689566846684947,-1.0052790138331837,1.4291108020176564
194,0.13380322658495056,-0.19464576611022924,-0.22270179974380372,-0.21007455023647198,-0.1691546308018513,0.6522979180251327,-0.4429246713845901,-0.3661964376303371,2.0054128424199122,0.5856916943087591,1.2216004634526347,-0.6670621547458185,1.9041483692750312,-0.5620957860980016,-0.8229661023484147,1.4914245066976182
